StartDate,EndDate,Status,IPAddress,Progress,Duration (in seconds),Finished,RecordedDate,ResponseId,RecipientLastName,RecipientFirstName,RecipientEmail,ExternalReference,LocationLatitude,LocationLongitude,DistributionChannel,UserLanguage,id,intro,browser_Browser,browser_Version,browser_Operating System,browser_Resolution,age,adopt_age,education,gender,hispanic,race,couple,sage,software_1,software_2,software_3,software_4,software_5,software_6,software_7,software_8,software_9,hardware_1,hardware_2,hardware_3,hardware_4,hardware_5,hardware_6,hardware_7,hardware_other,imm_intro,catch,audio_check,auto_advance_First Click,auto_advance_Last Click,auto_advance_Page Submit,auto_advance_Click Count,time1_First Click,time1_Last Click,time1_Page Submit,time1_Click Count,imm_1,imm_2,imm_3,imm_4,imm_5,imm_6,imm_7,imm_8,imm_9,imm_10,time2_First Click,time2_Last Click,time2_Page Submit,time2_Click Count,imm_trouble,time3_First Click,time3_Last Click,time3_Page Submit,time3_Click Count,volunteer,charity,time4_First Click,time4_Last Click,time4_Page Submit,time4_Click Count,vehicle,debts,inheritance_1,retirement,checking,time5_First Click,time5_Last Click,time5_Page Submit,time5_Click Count,control_1,control_2,control_3,control_4,control_5,control_6,control_7,control_8,control_9,control_10,control_11,control_12,time6_First Click,time6_Last Click,time6_Page Submit,time6_Click Count,useful1,useful2,useful3,time7_First Click,time7_Last Click,time7_Page Submit,time7_Click Count,delay_1,delay_2,delay_3,delay_4,delay_5,delay_6,delay_7,delay_8,delay_9,delay_10,map,limitation1,limitation2,limitation3,limitation4,limitation5,limitation6,limitation7,limitation8,limitation9,limitation10,limitation11,limitation12,plan,dental,pay_prescription,pay_hospital,alcohol,shealth,hearing,vision,effort,visual1,visual2,visual3,visual4,visual5,comp_basics_1,comp_basics_2,comp_printer_1,comp_printer_2,comp_com_1,comp_com_2,comp_internet_1,comp_internet_2,comp_entertain_1,comp_entertain_2,mobile_basics_1,mobile_basics_2,mobile_com_1,mobile_com_2,mobile_data_1,mobile_data_2,mobile_internet_1,mobile_internet_2,mobile_entertain_1,mobile_entertain_2,mobile_privacy_1,mobile_privacy_2,mobile_manage_1,mobile_manage_2,wifi_pcbasics_1,wifi_pcbasics_2,wifi_mbasics_1,wifi_mbasics_2,wifi_advanced_1,wifi_advanced_2,wifi_print_1,wifi_print_2,wifi_print_3,comment
Start Date,End Date,Response Type,IP Address,Progress,Duration (in seconds),Finished,Recorded Date,Response ID,Recipient Last Name,Recipient First Name,Recipient Email,External Data Reference,Location Latitude,Location Longitude,Distribution Channel,User Language,What is your Prolific ID?,"EXPLANATION OF RESEARCH

 
Title of Project: Predicting Novel Technology Adoption

Principal Investigator: Xiaoqing Wan

Faculty Supervisor: Nichole Lighthall



You are being invited to take part in a research study. Whether you take part is up to you. The purpose of this study is to understand digital technology adoption. We expect that you will be in this online research study for 30 minutes. You will be asked to complete surveys, cognitive games, and to provide information about whether, how often, and why you use various digital technology. Compensation for your participation will be $4.



No identifiable private information will be collected during the study. Retention of data will be more than five years.



In order to participate, you must be: 

• 18 - 35 years old

• fluent in English

• primarily reside in the U.S.

• have normal or corrected vision

• not diagnosed with dementia, mild cognitive impairment, recent stroke, or recent concussion



The research is voluntary. You are free to withdraw at any time without penalty, but these conditions will prevent you from receiving payment:

• early withdrawal

• failing attention questions

• providing answers that are incomprehensible

• when you did not make a reservation on Prolific prior to completing the survey

• when the Prolific reservation timed out



Study contact for questions about the study or to report a problem: If you have questions, concerns, or complaints: Xiaoqing Wan, doctoral student, Department of Psychology, UCF, by email xiaoqingwan@knights.ucf.edu. Nichole Lighthall, faculty advisor, Nichole.Lighthall@ucf.edu.



IRB contact about your rights in this study or to report a complaint: If you have questions about your rights as a research participant, or have concerns about the conduct of this study, please contact Institutional Review Board (IRB), University of Central Florida, Office of Research, 12201 Research Parkway, Suite 501, Orlando, FL 32826-3246 or by telephone at (407) 823-2901, or email irb@ucf.edu.",Click to write the question text - Browser,Click to write the question text - Version,Click to write the question text - Operating System,Click to write the question text - Resolution,How old are you? Please type in a number.,At what age did you first start using the Internet? Please type in a number.,"How many years of education have you received, including grade school? (12 = high school diploma, 16 = bachelor’s degree)",What is your gender?,Are you hispanic/latino?,What is your race?,Are you married or living with a partner?,Many people feel older or younger than they actually are. What age do you feel? Please type in a number.,"Do you use the following types of online services? - Social media (e.g. Facebook, TikTok)","Do you use the following types of online services? - Ride share (e.g. Uber, Lyft)","Do you use the following types of online services? - Streaming (e.g. Netflix, Hulu)","Do you use the following types of online services? - Video communications (e.g. Skype, Zoom)","Do you use the following types of online services? - Cloud storage (e.g. Google Drive, OneDrive)",Do you use the following types of online services? - Telehealth,Do you use the following types of online services? - Online Banking,Do you use the following types of online services? - Online shopping,Do you use the following types of online services? - Online classes,I currently own the following digital devices that connect to the Internet: - Computer or laptop,I currently own the following digital devices that connect to the Internet: - Tablet,I currently own the following digital devices that connect to the Internet: - Smartphone,I currently own the following digital devices that connect to the Internet: - Smart watch (e.g. Fitbit),I currently own the following digital devices that connect to the Internet: - Smart speaker (e.g. Amazon Echo),I currently own the following digital devices that connect to the Internet: - Game console (e.g. Xbox),I currently own the following digital devices that connect to the Internet: - Smart TV (e.g. Roku),"Regarding digital devices that connect to the Internet, please type in other devices that you own but are not covered above:","The next task involves listening to an audio clip.
You will hear a set of 10 words and we will ask you to recall as many as you can. We have purposely made the list long so that it will be difficult for anyone to recall all the words -- most people recall just a few. Please listen carefully to the set of words because they will not be repeated. When the audio clip finishes, we will ask you to recall as many of the words as you can, in any order.","To show that you are paying attention, please select ""Maybe"" for this question.","Before going to the next page, please set the audio volume to a level you can hear. There will be an audio clip. Please do not write anything down while you listen. 
 

Once you are on the next page, you do not need to click any button for the audio clip to play. When the audio clip finishes playing, the website will automatically advance to the next page.",Timing - First Click,Timing - Last Click,Timing - Page Submit,Timing - Click Count,Timing - First Click,Timing - Last Click,Timing - Page Submit,Timing - Click Count,"Please try your best to recall the 10 words you heard. Type these words below in any order.
1",2,3,4,5,6,7,8,9,10,Timing - First Click,Timing - Last Click,Timing - Page Submit,Timing - Click Count,Did you have any trouble hearing the words in the audio clip?,Timing - First Click,Timing - Last Click,Timing - Page Submit,Timing - Click Count,"Have you spent any time in the past 12 months doing volunteer work for religious, educational, health-related or other charitable organizations?","In the past 12 months, did you donate money, property, or possessions totaling $500 or more to religious or other charitable organizations? 
For example, The United Way, the Heart Association, educational institutions, religious organizations or other such groups are charitable organizations.",Timing - First Click,Timing - Last Click,Timing - Page Submit,Timing - Click Count,"Do you own anything for transportation, like cars, trucks, a trailer, a motor home, a boat, or an airplane? Do not include leased vehicles.","Do you have any debts such as credit card balances, medical debts, life insurance policy loans, loans from relatives, and so forth?","Think about an inheritance you might leave. Including property and other valuables that you might own, what are the chances that you will leave an inheritance totaling $10,000 or more? (0 = absolutely no chance; 100 = absolutely certain)
If you would like to indicate ""50,"" please click on the slider at its current position. Otherwise, slide it to where you want it to go. - 1","Do you currently have any money or assets that are held in an Individual Retirement Account, that is, in an IRA or KEOGH account?",Do you have any checking or savings accounts or money market funds?,Timing - First Click,Timing - Last Click,Timing - Page Submit,Timing - Click Count,"For each statement, please check the box corresponding to the answer that best represents your level of agreement with each statement as it applies to you. - There is little I can do to change many of the important things in my life.","For each statement, please check the box corresponding to the answer that best represents your level of agreement with each statement as it applies to you. - I often feel helpless in dealing with the problems of life.","For each statement, please check the box corresponding to the answer that best represents your level of agreement with each statement as it applies to you. - I can do just about anything I really set my mind to do.","For each statement, please check the box corresponding to the answer that best represents your level of agreement with each statement as it applies to you. - Other people determine most of what I can and cannot do.","For each statement, please check the box corresponding to the answer that best represents your level of agreement with each statement as it applies to you. - What happens in my life is often beyond my control.","For each statement, please check the box corresponding to the answer that best represents your level of agreement with each statement as it applies to you. - When I really want to do something, I usually find a way to succeed at it.","For each statement, please check the box corresponding to the answer that best represents your level of agreement with each statement as it applies to you. - There are many things that interfere with what I want to do.","For each statement, please check the box corresponding to the answer that best represents your level of agreement with each statement as it applies to you. - Whether or not I am able to get what I want is in my own hands.","For each statement, please check the box corresponding to the answer that best represents your level of agreement with each statement as it applies to you. - I have little control over the things that happen to me.","For each statement, please check the box corresponding to the answer that best represents your level of agreement with each statement as it applies to you. - There is really no way I can solve some of the problems I have.","For each statement, please check the box corresponding to the answer that best represents your level of agreement with each statement as it applies to you. - Sometimes I feel that I am being pushed around in life.","For each statement, please check the box corresponding to the answer that best represents your level of agreement with each statement as it applies to you. - What happens to me in the future mostly depends on me.",Timing - First Click,Timing - Last Click,Timing - Page Submit,Timing - Click Count,I find Internet useful in my daily life,Using Internet helps me accomplish things more quickly,Using Internet increases my productivity,Timing - First Click,Timing - Last Click,Timing - Page Submit,Timing - Click Count,1,2,3,4,5,6,7,8,9,10,"Because of a health or memory problem, do you have any difficulty using a map to figure out how to get around in a strange place?",Because of a health problem do you have any difficulty with walking several blocks?,Because of a health problem do you have any difficulty with running or jogging about a mile?,Because of a health problem do you have any difficulty with walking one block?,Because of a health problem do you have any difficulty with sitting for about two hours?,Because of a health problem do you have any difficulty with getting up from a chair after sitting for long periods?,Because of a health problem do you have any difficulty with climbing several flights of stairs without resting?,Because of a health problem do you have any difficulty with climbing one flight of stairs without resting?,"Because of a health problem do you have any difficulty with stooping, kneeling, or crouching?",Because of a health problem do you have any difficulty with reaching or extending your arms above shoulder level?,Because of a health problem do you have any difficulty with pulling or pushing large objects like a living room chair?,"Because of a health problem do you have any difficulty with lifting or carrying weights over 10 pounds, like a heavy bag of groceries?",Because of a health problem do you have any difficulty with picking up a dime from a table?,What kind of healthcare insurance do you have?,Do you have any insurance that covers dental bills?,"Does your private health insurance provide help with paying for regular prescription
         drugs?",Does your private healthcare plan provide help with paying for hospitalizations?,"Do you ever drink any alcoholic beverages such as beer, wine, or liquor?","Would you say your health is excellent, very good, good, fair, or poor?","Is your hearing excellent, very good, good, fair, or poor? (If you wear a hearing aid, rate your hearing while using the hearing aid)","Is your eyesight excellent, very good, good, fair, or poor? (If you wear glasses or corrective lenses, rate your vision while wearing glasses or corrective lenses)","Now think about the past week and the feelings you have experienced. Please
         tell us if this was true for you: much of the time during the past week, you felt that everything you did was an
         effort.",Which figure is identical to the first?,Which figure is identical to the first?,Which figure is identical to the first?,"The drawings show a sheet of paper that has been folded. The dashed lines indicate the whole sheet, each drawing represents a single fold. The black square shows where a hole was punched. Where do the holes appear when the sheet is unfolded?",Which pattern can be folded to make the cubes shown?,"This questionnaire asks about your ability to perform a number of tasks with a computer. Please answer each question by clicking the circle that is most appropriate.
If you have not tried to perform a task or do not know what the task is, please mark “NEVER TRIED”, regardless of whether or not you think you may be able to perform the task. 
I can: - Use a computer keyboard to type","This questionnaire asks about your ability to perform a number of tasks with a computer. Please answer each question by clicking the circle that is most appropriate.
If you have not tried to perform a task or do not know what the task is, please mark “NEVER TRIED”, regardless of whether or not you think you may be able to perform the task. 
I can: - Use a mouse",I can: - Load ink into the printer,I can: - Fix the printer when paper jams,I can: - Open emails,I can: - Send emails,I can: - Find information about local community resources on the Internet,I can: - Find information about my hobbies and interests on the Internet,I can: - Use a computer to watch movies and videos,I can: - Use a computer to listen to music,Using a mobile device I can: - Navigate onscreen menus using the touchscreen,Using a mobile device I can: - Use the onscreen keyboard to type,Using a mobile device I can: - Send emails,Using a mobile device I can: - Send pictures by email,"Using a mobile device I can: - Transfer information (files such as music, pictures, documents) on my mobile device to my computer","Using a mobile device I can: - Transfer information (files such as music, pictures, documents) on my computer to my mobile device",Using a mobile device I can: - Find information about my hobbies and interests on the Internet,Using a mobile device I can: - Find health information on the Internet,Using a mobile device I can: - Use the device’s online “store” to find games and other forms of entertainment (e.g. using Apple App Store or Google Play Store),Using a mobile device I can: - Listen to music,Using a mobile device I can: - Setup a password to lock/unlock the device,Using a mobile device I can: - Erase all Internet browsing history and temporary files,Using a mobile device I can: - Update games and other applications,Using a mobile device I can: - Delete games and other applications,"Using a PC/laptop, I can: - Connect to the wireless network in my home","Using a PC/laptop, I can: - Connect to the wireless network at a hotel or business","Using a tablet/smartphone, I can: - Connect to the wireless network in my home","Using a tablet/smartphone, I can: - Connect to the wireless network at a hotel or business",I can: - Reset the name of my wireless network,I can: - Reset the username and/or password of my wireless network’s administrative console,I can: - Print via a wireless connection with my PC/laptop,"I can: - Print via a wireless connection with my mobile device (i.e. tablet, smartphone)","I can: - To show you are paying attention to the study, please select ""Never tried"" for this question",Please let us know how we can improve this survey (optional).
"{""ImportId"":""startDate"",""timeZone"":""America/Denver""}","{""ImportId"":""endDate"",""timeZone"":""America/Denver""}","{""ImportId"":""status""}","{""ImportId"":""ipAddress""}","{""ImportId"":""progress""}","{""ImportId"":""duration""}","{""ImportId"":""finished""}","{""ImportId"":""recordedDate"",""timeZone"":""America/Denver""}","{""ImportId"":""_recordId""}","{""ImportId"":""recipientLastName""}","{""ImportId"":""recipientFirstName""}","{""ImportId"":""recipientEmail""}","{""ImportId"":""externalDataReference""}","{""ImportId"":""locationLatitude""}","{""ImportId"":""locationLongitude""}","{""ImportId"":""distributionChannel""}","{""ImportId"":""userLanguage""}","{""ImportId"":""QID112_TEXT""}","{""ImportId"":""QID81""}","{""ImportId"":""QID82_BROWSER""}","{""ImportId"":""QID82_VERSION""}","{""ImportId"":""QID82_OS""}","{""ImportId"":""QID82_RESOLUTION""}","{""ImportId"":""QID1_TEXT""}","{""ImportId"":""QID34_TEXT""}","{""ImportId"":""QID2_TEXT""}","{""ImportId"":""QID3""}","{""ImportId"":""QID9""}","{""ImportId"":""QID10""}","{""ImportId"":""QID11""}","{""ImportId"":""QID108_TEXT""}","{""ImportId"":""QID93_1""}","{""ImportId"":""QID93_2""}","{""ImportId"":""QID93_3""}","{""ImportId"":""QID93_4""}","{""ImportId"":""QID93_11""}","{""ImportId"":""QID93_6""}","{""ImportId"":""QID93_5""}","{""ImportId"":""QID93_12""}","{""ImportId"":""QID93_13""}","{""ImportId"":""QID91_1""}","{""ImportId"":""QID91_2""}","{""ImportId"":""QID91_3""}","{""ImportId"":""QID91_4""}","{""ImportId"":""QID91_5""}","{""ImportId"":""QID91_6""}","{""ImportId"":""QID91_7""}","{""ImportId"":""QID120_TEXT""}","{""ImportId"":""QID36""}","{""ImportId"":""QID43""}","{""ImportId"":""QID38""}","{""ImportId"":""QID83_FIRST_CLICK""}","{""ImportId"":""QID83_LAST_CLICK""}","{""ImportId"":""QID83_PAGE_SUBMIT""}","{""ImportId"":""QID83_CLICK_COUNT""}","{""ImportId"":""QID98_FIRST_CLICK""}","{""ImportId"":""QID98_LAST_CLICK""}","{""ImportId"":""QID98_PAGE_SUBMIT""}","{""ImportId"":""QID98_CLICK_COUNT""}","{""ImportId"":""QID39_TEXT""}","{""ImportId"":""QID40_TEXT""}","{""ImportId"":""QID42_TEXT""}","{""ImportId"":""QID54_TEXT""}","{""ImportId"":""QID60_TEXT""}","{""ImportId"":""QID59_TEXT""}","{""ImportId"":""QID58_TEXT""}","{""ImportId"":""QID57_TEXT""}","{""ImportId"":""QID56_TEXT""}","{""ImportId"":""QID61_TEXT""}","{""ImportId"":""QID159_FIRST_CLICK""}","{""ImportId"":""QID159_LAST_CLICK""}","{""ImportId"":""QID159_PAGE_SUBMIT""}","{""ImportId"":""QID159_CLICK_COUNT""}","{""ImportId"":""QID158""}","{""ImportId"":""QID99_FIRST_CLICK""}","{""ImportId"":""QID99_LAST_CLICK""}","{""ImportId"":""QID99_PAGE_SUBMIT""}","{""ImportId"":""QID99_CLICK_COUNT""}","{""ImportId"":""QID64""}","{""ImportId"":""QID123""}","{""ImportId"":""QID100_FIRST_CLICK""}","{""ImportId"":""QID100_LAST_CLICK""}","{""ImportId"":""QID100_PAGE_SUBMIT""}","{""ImportId"":""QID100_CLICK_COUNT""}","{""ImportId"":""QID51""}","{""ImportId"":""QID53""}","{""ImportId"":""QID52_1""}","{""ImportId"":""QID47""}","{""ImportId"":""QID46""}","{""ImportId"":""QID104_FIRST_CLICK""}","{""ImportId"":""QID104_LAST_CLICK""}","{""ImportId"":""QID104_PAGE_SUBMIT""}","{""ImportId"":""QID104_CLICK_COUNT""}","{""ImportId"":""QID13_1""}","{""ImportId"":""QID13_2""}","{""ImportId"":""QID13_3""}","{""ImportId"":""QID13_4""}","{""ImportId"":""QID13_5""}","{""ImportId"":""QID13_6""}","{""ImportId"":""QID13_7""}","{""ImportId"":""QID13_8""}","{""ImportId"":""QID13_9""}","{""ImportId"":""QID13_10""}","{""ImportId"":""QID13_11""}","{""ImportId"":""QID13_12""}","{""ImportId"":""QID151_FIRST_CLICK""}","{""ImportId"":""QID151_LAST_CLICK""}","{""ImportId"":""QID151_PAGE_SUBMIT""}","{""ImportId"":""QID151_CLICK_COUNT""}","{""ImportId"":""QID124""}","{""ImportId"":""QID125""}","{""ImportId"":""QID126""}","{""ImportId"":""QID106_FIRST_CLICK""}","{""ImportId"":""QID106_LAST_CLICK""}","{""ImportId"":""QID106_PAGE_SUBMIT""}","{""ImportId"":""QID106_CLICK_COUNT""}","{""ImportId"":""QID71_TEXT""}","{""ImportId"":""QID72_TEXT""}","{""ImportId"":""QID73_TEXT""}","{""ImportId"":""QID74_TEXT""}","{""ImportId"":""QID75_TEXT""}","{""ImportId"":""QID76_TEXT""}","{""ImportId"":""QID77_TEXT""}","{""ImportId"":""QID78_TEXT""}","{""ImportId"":""QID79_TEXT""}","{""ImportId"":""QID80_TEXT""}","{""ImportId"":""QID44""}","{""ImportId"":""QID132""}","{""ImportId"":""QID136""}","{""ImportId"":""QID137""}","{""ImportId"":""QID138""}","{""ImportId"":""QID139""}","{""ImportId"":""QID141""}","{""ImportId"":""QID142""}","{""ImportId"":""QID143""}","{""ImportId"":""QID144""}","{""ImportId"":""QID145""}","{""ImportId"":""QID146""}","{""ImportId"":""QID147""}","{""ImportId"":""QID127""}","{""ImportId"":""QID149""}","{""ImportId"":""QID128""}","{""ImportId"":""QID130""}","{""ImportId"":""QID88""}","{""ImportId"":""QID8""}","{""ImportId"":""QID89""}","{""ImportId"":""QID90""}","{""ImportId"":""QID84""}","{""ImportId"":""QID209""}","{""ImportId"":""QID213""}","{""ImportId"":""QID215""}","{""ImportId"":""QID218""}","{""ImportId"":""QID219""}","{""ImportId"":""QID14_1""}","{""ImportId"":""QID14_2""}","{""ImportId"":""QID16_1""}","{""ImportId"":""QID16_2""}","{""ImportId"":""QID17_1""}","{""ImportId"":""QID17_2""}","{""ImportId"":""QID18_1""}","{""ImportId"":""QID18_2""}","{""ImportId"":""QID19_1""}","{""ImportId"":""QID19_2""}","{""ImportId"":""QID20_1""}","{""ImportId"":""QID20_2""}","{""ImportId"":""QID21_1""}","{""ImportId"":""QID21_2""}","{""ImportId"":""QID22_1""}","{""ImportId"":""QID22_2""}","{""ImportId"":""QID23_1""}","{""ImportId"":""QID23_2""}","{""ImportId"":""QID24_1""}","{""ImportId"":""QID24_2""}","{""ImportId"":""QID25_1""}","{""ImportId"":""QID25_2""}","{""ImportId"":""QID26_1""}","{""ImportId"":""QID26_2""}","{""ImportId"":""QID29_1""}","{""ImportId"":""QID29_2""}","{""ImportId"":""QID30_1""}","{""ImportId"":""QID30_2""}","{""ImportId"":""QID31_1""}","{""ImportId"":""QID31_2""}","{""ImportId"":""QID32_1""}","{""ImportId"":""QID32_2""}","{""ImportId"":""QID32_3""}","{""ImportId"":""QID116_TEXT""}"
2021-11-17 14:58:08,2021-11-17 15:10:09,0,172.251.123.37,100,721,1,2021-11-17 15:10:10,R_3fJdIhpJDg9ecc9,,,,,34.1649017333984375,-119.1719970703125,anonymous,EN,60d1220ee97a3b16edd3c882,4,Chrome iPhone,95.0.4638.50,iPhone,414x896,26,11,13,0,1,5,0,22,4,3,3,2,4,1,4,2,1,1,0,1,0,0,0,1,0,1,1,4,14.364,17.188,25.111,2,5.228,63.947,65.452,12,The audio clip did not play for me,Why is that,,,,,,,,,6.121,6.121,8.707,1,1,8.94,11.254,11.951,3,0,0,3.642,29.24,30.187,8,1,1,0,0,1,9.196,63.773,65.244,19,5,7,5,1,4,5,6,5,3,5,6,7,7.924,13.548,15.13,5,5,4,3,3.66,3.66,4.901,1,,,,,,,,,,,0,0,0,0,0,0,0,0,0,0,0,0,0,1,1,,,1,2,4,4,0,0,0,1,1,0,5,5,4,4,5,5,5,5,5,5,5,5,5,5,5,5,5,5,5,5,4,4,5,5,4,4,5,5,5,4,5,5,1,
2021-11-17 14:56:43,2021-11-17 15:19:42,0,162.229.176.101,100,1378,1,2021-11-17 15:19:42,R_1jeM0PbBfLu9Ghm,,,,,35.7633056640625,-78.70999908447265625,anonymous,EN,5ab56fdff69e940001d8da97,4,Chrome,95.0.4638.54,Macintosh,1792x1120,34,10,18,0,0,1,0,34,3,2,3,3,3,1,4,3,1,0,1,1,0,0,0,1,,1,1,4,0,0,25.008,0,4.081,4.081,28.561,1,book,child,hotel,river,market,gold,tree,,,,1.649,1.649,2.484,1,3,9.523,11.757,13.257,2,0,0,5.958,32.008,32.942,7,1,1,0,0,1,6.084,39.708,40.625,13,2,6,6,3,6,5,6,3,2,3,2,3,6.315,10.656,11.67,3,3,4,2,4.114,13.167,14.689,2,book,gold,child,hotel,market,river,tree,,,,1,0,0,0,0,0,0,0,0,0,0,0,0,3,1,1,1,1,4,4,3,0,1,1,1,1,0,5,5,4,4,5,5,5,5,5,5,5,5,5,5,4,4,5,5,5,5,4,4,5,5,5,4,5,4,4,1,5,5,1,
2021-11-17 15:15:22,2021-11-17 15:23:18,0,24.118.25.104,100,476,1,2021-11-17 15:23:19,R_1gSCne5q79j1xwH,,,,,44.950897216796875,-93.33660125732421875,anonymous,EN,6146896c628ef8ccdb2abf0a,4,Chrome,95.0.4638.69,Macintosh,1440x900,25,10,18,0,0,1,0,25,4,2,4,4,3,3,4,4,4,1,1,1,1,0,0,1,,1,1,4,0,0,25.01,0,1.144,19.826,22.221,9,book,child,king,gold,paper,river,skin,tree,market,,1.982,1.982,2.666,1,3,2.268,4.254,5.214,2,1,1,3.186,25.403,26.274,7,1,1,87,0,1,3.429,27.04,28.059,12,1,2,7,2,1,7,2,6,2,2,2,6,1.213,5.764,7.076,4,5,5,5,1.252,23.244,25.424,10,book,child,skin,river,market,king,gold,tree,paper,,1,0,0,0,0,0,0,0,0,0,0,0,0,3,0,1,1,0,3,4,5,0,0,0,1,1,1,5,5,5,4,5,5,5,5,5,5,5,5,5,5,5,5,5,5,5,5,4,4,5,5,5,5,5,5,5,4,4,5,1,
2021-11-17 15:17:28,2021-11-17 15:25:54,0,76.93.43.96,100,506,1,2021-11-17 15:25:55,R_qFav88gaQNloWxr,,,,,34.1027069091796875,-118.2230987548828125,anonymous,EN,61107381524799faa46fc6da,4,Chrome,95.0.4638.69,Macintosh,1792x1120,28,9,16,999,0,1,1,23,4,2,2,3,3,3,4,4,2,1,1,1,0,0,0,1,,1,1,4,0,0,25.113,0,1.55,11.218,14.984,6,book,child,gold,hotel,skin,tree,,,,,2.641,2.641,3.768,1,3,5.374,10.241,10.907,3,0,1,3.015,28.696,29.111,9,1,1,100,1,1,5.099,31.079,31.747,14,2,6,6,3,3,6,6,6,3,3,6,6,2.628,6.536,8.119,3,4,3,1,2.209,2.608,11.152,2,book,child,skin,hotel,paper,tree,,,,,1,0,0,0,0,0,0,0,0,0,0,0,0,3,0,1,1,1,5,5,4,0,0,1,1,1,1,5,5,5,5,5,5,5,5,5,5,5,5,5,5,4,5,5,5,5,5,4,4,5,5,5,5,5,5,4,0,5,5,0,
2021-11-17 15:23:17,2021-11-17 15:39:01,0,99.35.39.226,100,944,1,2021-11-17 15:39:02,R_3PdZevYA5XzglCv,,,,,29.9380950927734375,-90.0308990478515625,anonymous,EN,61202b6be797314915cb1bd7,4,Safari,12.1.2,Macintosh,1680x1050,19,4,13,0,0,1,0,20,4,2,3,3,3,0,3,3,4,1,0,1,1,0,1,0,,1,1,4,15.828,24.963,25.01,5,5.112,5.112,18.016,1,I did not hear any words,,,,,,,,,,3.54,3.54,5.989,1,1,7.873,14.228,15.201,3,0,0,18,72.605,73.671,5,1,1,0,0,0,43.913,127.376,128.141,16,2,2,7,5,5,7,5,2,4,2,2,7,9.716,16.793,18.548,3,5,5,5,4.122,22.731,24.081,2,I did hear an audio clip,,,,,,,,,,1,0,1,0,0,0,1,0,0,0,0,0,0,3,1,1,1,0,3,5,4,1,1,1,1,1,1,5,5,1,3,5,5,5,5,5,5,5,4,5,5,5,5,5,5,5,5,4,4,5,5,5,5,5,5,1,1,1,1,1,
2021-11-17 15:24:11,2021-11-17 15:43:30,0,50.103.123.247,100,1158,1,2021-11-17 15:43:30,R_1jya6PjnTcu95eJ,,,,,40.032501220703125,-87.96700286865234375,anonymous,EN,61003dc52ef1560d130aa57b,4,Chrome,96.0.4664.45,Windows NT 10.0,1280x720,18,8,12.5,0,0,1,0,18,4,2,3,4,3,0,3,3,4,1,0,1,1,1,1,1,0,1,1,4,0,0,25.11,0,2.455,83.635,86.163,16,Book,Children,Gold,Skin,Paper,Market,King,I,Don't,Know,2.424,2.424,4.086,1,3,6.676,11.665,13.145,2,0,0,26.295,69.677,73.038,6,1,0,30,0,1,25.326,72.659,73.645,20,1,5,6,1,1,6,3,6,2,5,2,6,6.724,11.282,12.583,3,5,5,5,61.762,83.207,85.334,10,Book,Children,Gold,King,Skin,Paper,Market,I,Don't,Know,1,0,0,0,0,0,0,0,0,0,0,0,0,3,1,1,1,1,3,5,4,0,0,0,1,1,1,5,5,1,1,5,5,5,5,5,5,5,5,5,5,4,4,5,5,5,5,4,4,5,5,5,5,5,5,3,3,5,3,1,
2021-11-17 15:29:16,2021-11-17 15:45:12,0,98.36.27.65,100,955,1,2021-11-17 15:45:12,R_1i3hNZiK4BfxUWZ,,,,,37.6222991943359375,-121.04019927978515625,anonymous,EN,60fd700494c27e5a2fefcbb3,4,Chrome,76.0.3809.136,CrOS x86_64 12239.92.0,1300x731,20,13,16,0,1,5,0,19,4,4,4,4,4,1,4,4,4,1,1,1,1,1,1,0,,1,1,4,0,0,25.01,0,1.939,62.529,64.159,30,book,child,gold,hotel,paper,skin,tree,river,king,,3.158,3.158,4.081,1,3,5.354,10.052,10.595,4,0,0,4.726,24.713,26.267,10,0,0,0,0,1,33.135,86.024,87.865,17,2,5,5,1,5,6,5,3,3,3,2,5,1.947,15.746,16.74,7,5,5,3,3.578,36.978,38.371,21,king,book,child,gold,river,tree,paper,skin,hotel,,1,0,0,0,0,0,1,0,0,0,0,0,0,1,1,,,0,4,4,4,0,0,0,1,0,1,5,5,5,5,5,5,5,5,5,5,5,5,5,5,5,5,5,5,5,5,4,4,5,5,5,5,5,5,4,5,5,5,1,N/A
2021-11-17 15:30:38,2021-11-17 15:45:18,0,47.148.17.6,100,880,1,2021-11-17 15:45:19,R_2DUMTZh1j3fGm9o,,,,,33.5673980712890625,-117.1757965087890625,anonymous,EN,5de0b69ba91be311cb773b0b,4,Chrome,96.0.4664.45,Windows NT 10.0,1440x900,20,6,12,1,0,1,0,20,4,1,4,3,3,3,3,2,1,1,0,1,0,0,1,1,,1,1,4,0,0,25.113,0,0.99,24.1,25.092,2,Book,Child,Gold,Hotel,King,Market,Paper,Skin,Tree,,2.259,2.259,3.104,1,3,7.46,20.851,22.746,2,0,0,4.805,58.413,59.699,6,0,1,0,0,1,4.973,41.125,42.139,14,3,3,5,3,3,5,3,5,3,3,4,5,3.16,6.327,7.116,3,5,5,3,1.794,29.394,31.279,2,Book,Child,Hotel,King,Tree,Paper,Market,Skin,Gold,,1,0,1,0,0,0,0,0,0,0,0,0,0,3,0,1,1,0,2,3,4,1,0,1,1,1,1,5,5,1,1,5,5,5,5,5,5,5,5,5,1,5,5,5,5,5,5,4,4,5,5,5,5,5,5,1,1,5,1,1,
2021-11-17 15:28:47,2021-11-17 15:47:50,0,107.77.198.197,100,1142,1,2021-11-17 15:47:50,R_33p32nH4UoQtE39,,,,,32.779693603515625,-96.8022003173828125,anonymous,EN,610acd87ab6f19f9e208fd3f,4,Safari iPhone,14.1.2,iPhone,414x896,22,7,14,0,0,1,1,22,4,2,4,3,3,2,4,3,3,1,0,1,1,1,1,1,,1,1,4,0,0,25.035,0,2.035,58.491,60.008,6,,,,,,,,,,,3.111,3.111,4.552,1,1,5.604,7.734,8.449,3,1,0,16.455,46.714,47.406,10,1,1,70,0,1,29.242,73.684,74.635,25,2,5,7,2,2,5,5,7,2,2,5,7,73.225,78.125,78.964,7,4,4,4,2.962,2.962,4.49,1,,,,,,,,,,,1,0,0,0,0,0,0,0,0,0,0,0,0,3,1,1,1,1,3,3,4,0,0,0,1,0,0,5,5,4,4,5,5,5,5,5,5,5,5,5,5,5,5,5,5,5,5,4,4,5,5,5,5,5,5,1,1,5,4,1,
2021-11-17 15:52:36,2021-11-17 16:01:29,0,69.118.76.136,100,532,1,2021-11-17 16:01:30,R_1KlsGk3PCLo7Jaq,,,,,40.282501220703125,-74.34239959716796875,anonymous,EN,5cf1eed7a602eb0001e2e850,4,Safari,15.1,Macintosh,1440x900,23,5,16,1,0,1,0,20,2,1,4,3,3,1,4,4,3,1,0,1,0,0,1,1,,1,1,4,0,0,25.01,0,5.619,6.142,9.783,2,Hello,,,,,,,,,,2.333,2.333,5.052,1,1,4.857,6.227,9.305,2,0,1,8.027,20.378,21.301,5,1,0,78,0,1,4.096,24.062,25.187,12,1,1,7,1,1,7,2,7,1,1,2,6,4.083,7.765,9.121,3,5,4,4,0,0,5.523,0,,,,,,,,,,,1,0,0,0,0,0,0,0,0,0,0,0,0,3,1,1,1,0,5,5,4,1,0,0,1,1,1,5,5,5,4,5,5,4,5,5,5,5,5,5,4,4,4,5,4,4,5,4,4,5,5,5,5,5,5,4,4,4,4,1,"The audio clip of the ten words did not play for me at all. "
2021-11-17 15:33:15,2021-11-17 16:06:46,0,73.96.7.162,100,2010,1,2021-11-17 16:06:46,R_w6PUuMfEoz4kjg5,,,,,44.94659423828125,-123.010498046875,anonymous,EN,5f76b772b481f416049766e8,4,Chrome,95.0.4638.69,Windows NT 10.0,1920x1080,23,8,12,1,0,1,0,17,1,1,4,3,4,1,4,3,1,1,0,1,0,0,0,1,,1,1,4,0,0,25.119,0,0.969,30.948,32.108,3,bark,paper,gold,king,skin,tree,child,dog,,,5.625,5.625,6.791,1,3,4.4,8.327,9.179,3,0,0,4.62,28.903,29.6,8,1,0,0,0,1,11.729,77.785,78.203,20,3,5,2,3,4,6,7,5,5,3,7,7,3.128,9.528,10.387,4,5,4,3,2.204,2.204,22.981,1,gold,king,skin,park,paper,,,,,,1,0,0,0,0,0,0,0,0,0,0,0,0,0,1,,,0,3,4,4,1,0,0,1,1,0,5,5,3,4,5,5,5,5,5,5,5,4,5,5,5,5,5,5,5,5,4,4,5,5,5,5,5,5,5,5,5,4,1,
2021-11-17 15:48:07,2021-11-17 16:08:13,0,71.210.169.13,100,1205,1,2021-11-17 16:08:13,R_39RqRalNMdN4vFT,,,,,35.9842987060546875,-77.959503173828125,anonymous,EN,5bfc9065ce028e0001337c3c,4,Edge,95.0.1020.53,Windows NT 10.0,1536x864,27,6,16,1,0,2,0,27,4,2,4,3,3,1,4,4,3,1,1,1,0,1,1,1,,1,1,4,0,0,25.012,0,1.475,1.475,36.521,1,book,child,gold,hotel,king,skin,paper,tree,market,,4.707,4.707,5.71,1,3,4.616,10.706,12.357,3,0,0,16.373,51.412,53.529,6,1,1,90,1,1,40.663,78.785,79.572,13,1,1,7,1,1,7,5,7,1,1,1,7,9.911,17.602,18.539,3,5,5,5,4.673,39.029,93.21,2,gold,skin,paper,hotel,king,market,,,,,1,0,0,0,0,0,0,0,0,0,0,0,0,3,1,1,1,1,5,5,5,1,0,0,1,1,1,5,5,5,5,5,5,5,5,5,5,5,5,5,5,5,5,5,5,5,5,4,4,5,5,5,5,5,5,5,5,5,5,1,
2021-11-17 15:55:56,2021-11-17 16:10:22,0,24.98.115.208,100,866,1,2021-11-17 16:10:22,R_2Bo0desZ6M6mMjJ,,,,,33.2541046142578125,-84.27349853515625,anonymous,EN,55ea70c37480920010aa9982,4,Chrome,94.0.4606.81,Windows NT 10.0,1920x1080,34,11,13,1,0,2,0,30,3,1,3,2,2,1,3,4,2,1,1,1,0,0,1,0,,1,1,4,0,0,25.01,0,21.449,21.449,24.166,1,book,child,gold,hotel,market,paper,river,tree,skin,,0,0,5.684,0,3,1.409,1.409,8.825,1,0,0,25.412,27.13,32.308,2,1,1,65,0,1,0,0,47.245,0,2,1,3,2,3,5,7,5,2,5,2,6,0,0,8.702,0,5,4,4,0,0,30.369,0,book,skin,hotel,child,market,paper,river,gold,tree,,1,0,0,0,0,0,0,0,0,0,0,0,0,0,0,,,0,4,5,4,1,0,1,1,1,1,5,5,4,4,5,5,4,5,5,5,5,5,5,5,4,4,5,4,5,5,4,4,5,5,5,4,5,4,4,1,1,1,1,
2021-11-17 15:56:08,2021-11-17 16:18:38,0,71.204.72.70,100,1350,1,2021-11-17 16:18:39,R_x4bPdkC7WpfnVa9,,,,,33.9954986572265625,-84.6580963134765625,anonymous,EN,6115420595b02ce5d51281f0,4,Chrome,95.0.4638.69,Macintosh,1600x900,35,9,16,1,0,1,0,30,4,3,4,2,4,1,4,4,3,1,1,1,0,1,0,1,ring door bell,1,1,4,0,0,25.009,0,1.254,66.222,69.012,4,book,child,hotel,king,river,skin,,,,,6.798,6.798,8.446,1,3,5.026,20.786,21.92,3,0,1,12.444,74.746,76.108,5,1,1,100,1,1,15.898,100.013,101.373,12,4,6,4,5,4,3,6,7,5,2,4,6,6.228,13.147,15.619,3,5,5,5,5.509,5.509,36.881,1,child,"hotel ","king ",river,,,,,,,1,0,0,0,0,0,0,0,0,0,0,0,0,0,1,,,1,3,3,3,0,0,1,1,1,0,5,5,5,5,5,5,5,5,5,5,5,5,5,5,5,5,5,5,5,5,4,4,5,5,5,5,5,5,5,5,5,5,1,
2021-11-17 14:47:40,2021-11-17 15:04:41,0,67.189.127.228,98,1020,0,2021-11-17 19:04:44,R_RP2SYdlLRAErVrr,,,,,,,anonymous,EN,60fe45c6e405df9b2eaf70fb,4,Chrome,96.0.4664.45,Windows NT 10.0,1536x864,25,10,19,0,0,3,0,20,4,1,2,3,4,3,3,3,3,1,0,1,0,1,0,0,N/A,1,1,4,0,0,25.01,0,1.881,112.986,125.32,11,book,river,skin,tree,gold,market,child,paper,none,none,3.617,3.617,5.361,1,3,10.835,13.422,17.163,2,0,0,4.531,47.047,49.035,6,0,1,50,0,1,10.926,50.981,52.725,13,6,6,4,5,6,4,6,5,6,5,5,4,6.185,11.866,14.12,3,5,5,4,4.117,63.859,67.312,8,book,child,river,gold,paper,market,skin,tree,,,1,0,0,0,0,0,0,0,0,0,0,0,0,1,1,,,1,4,4,4,0,0,0,1,1,1,5,5,4,4,5,5,5,5,5,5,5,5,5,5,4,4,5,5,5,5,4,4,5,5,5,5,5,5,1,1,1,1,1,
2021-11-17 14:50:32,2021-11-17 15:04:48,0,73.24.242.254,98,855,0,2021-11-17 19:04:48,R_2QQxg2gqdnh6578,,,,,,,anonymous,EN,609d7407fffe06ba76af6b98,4,Edge,95.0.1020.53,Windows NT 10.0,1536x864,22,11,15,1,1,1,0,18,4,4,4,4,4,1,4,4,4,1,1,1,1,0,1,1,,1,1,4,0,0,25.023,0,1.994,30.313,39.495,4,book,hotel,child,skin,tree,paper,play,,,,3.583,4.672,7.087,2,3,5.077,12.014,12.899,2,1,0,3.921,23.844,24.87,5,1,0,100,0,1,10.603,115.52,116.12,14,1,7,3,1,1,4,6,7,1,2,3,7,4.495,15.816,16.658,4,5,5,3,7.473,7.473,19.169,1,book,child,hotel,tree,skin,,,,,,1,0,1,0,0,0,1,0,0,0,0,0,0,3,1,1,1,1,2,3,5,0,0,0,1,1,0,5,5,5,5,5,5,5,5,5,5,5,5,5,5,4,3,5,5,5,5,4,4,5,5,5,4,5,5,3,3,5,5,1,
2021-11-17 15:01:07,2021-11-17 15:19:16,0,72.223.47.246,98,1088,0,2021-11-17 19:19:17,R_3g0h4bz4Dx2FyBM,,,,,,,anonymous,EN,610285fc3c8e866a25c4d33f,4,Safari,14.1.1,Macintosh,1280x800,32,14,14,1,0,1,1,35,4,3,4,3,3,2,4,2,2,1,0,1,0,0,0,1,,1,1,4,0,0,25.026,0,0,0,12.801,0,,,,,,,,,,,5.062,5.062,7.502,1,1,8.774,24.726,27.518,2,1,1,13.924,57.226,58.362,6,0,1,10,0,1,9.942,84.098,85.671,14,2,1,7,5,3,7,5,6,2,2,3,7,5.111,18.094,20.04,3,4,4,3,0,0,6.561,0,,,,,,,,,,,1,0,0,0,0,0,0,0,0,0,0,0,0,3,1,1,1,1,4,3,3,1,0,0,1,0,1,4,5,4,4,5,5,5,5,5,5,5,5,5,4,4,5,5,5,5,5,4,3,4,5,5,5,5,5,3,1,3,1,1,
2021-11-17 15:08:02,2021-11-17 15:23:46,0,75.137.143.172,98,944,0,2021-11-17 19:23:48,R_2tlHdmnc5xwPh14,,,,,,,anonymous,EN,60fcac2063bbc8bce2700ad5,4,Chrome iPhone,95.0.4638.50,iPhone,414x896,20,8,12,0,0,1,0,20,4,1,4,1,3,2,4,4,2,1,1,1,0,0,0,0,,1,1,4,0,0,25.154,0,6.559,6.559,9.945,1,,,,,,,,,,,4.185,4.185,6.296,1,1,12.664,16.187,16.944,4,0,0,9.901,68.67,69.533,18,1,0,10,0,1,19.223,89.876,90.709,23,3,2,5,1,2,5,2,6,3,6,4,6,4.703,14.514,15.203,7,4,4,2,4.778,6.069,6.099,2,,,,,,,,,,,1,0,0,0,0,0,0,0,0,0,0,0,0,3,1,1,1,0,2,2,3,0,1,1,1,1,1,5,5,4,4,5,5,5,5,5,5,5,5,5,5,4,4,5,5,5,5,4,4,5,5,5,5,5,5,1,1,4,4,1,
2021-11-17 15:15:17,2021-11-17 15:37:43,0,24.31.17.124,98,1345,0,2021-11-17 19:37:43,R_2CIBGR0SId74rux,,,,,,,anonymous,EN,60ef6073d7d6db28220a84ba,4,Chrome,95.0.4638.69,Windows NT 10.0,1920x1200,32,12,14,0,0,1,1,50,4,1,4,4,4,2,4,2,2,1,1,1,0,1,1,1,,1,1,4,0,0,25.014,0,2.099,38.083,86.85,7,Book,Child,Hotel,Tree,Paper,,,,,,5.901,5.901,7.395,1,3,5.356,14.563,15.633,2,0,0,7.975,74.502,81.941,5,1,1,0,0,1,11.418,68.666,70.866,14,3,5,5,2,2,3,5,6,5,3,5,6,7.258,17.082,18.225,3,5,5,4,5.759,63.47,77.372,8,Book,Child,King,Hotel,Tree,Gold,Paper,Market,,,1,0,1,0,0,0,1,0,1,0,0,0,0,0,0,,,1,3,2,3,1,0,1,1,1,1,5,5,5,5,5,5,5,5,5,5,5,5,5,5,5,5,5,5,5,5,4,4,5,5,5,5,5,5,4,4,5,1,1,
2021-11-17 15:21:59,2021-11-17 15:38:15,0,76.125.191.26,98,976,0,2021-11-17 19:38:18,R_2ur2onvJCOS5tF6,,,,,,,anonymous,EN,60ff26e2e30862fdb8531934,4,Chrome,94.0.4606.114,CrOS x86_64 14150.74.0,1536x864,29,11,14,0,0,1,0,29,4,1,4,1,2,2,3,3,1,1,0,1,0,0,1,1,e-reader,1,1,4,0,0,25.115,0,1.716,35.534,36.523,4,book,market,hotel,child,paper,marker,skin,tree,,,2.917,2.917,3.893,1,3,3.121,7.697,8.557,3,0,0,5.487,54.592,55.729,8,0,1,0,0,1,6.059,77.821,78.928,15,6,6,1,2,5,2,7,2,6,7,6,6,3.601,12.956,13.915,5,5,5,5,2.043,51.243,52.233,3,tree,child,paper,skin,market,book,,,,,1,1,1,1,0,1,1,1,1,1,1,1,0,1,1,,,0,2,5,4,1,0,1,1,1,0,5,5,1,1,5,5,5,5,5,5,5,5,5,5,1,1,5,5,5,5,4,4,5,5,5,5,5,5,1,1,1,1,1,
2021-11-17 15:27:09,2021-11-17 15:39:11,0,64.189.205.47,98,722,0,2021-11-17 19:39:12,R_2eOKTNpChawpSKI,,,,,,,anonymous,EN,61733f996efe9286b361c558,4,Firefox,94.0,Windows NT 10.0,1920x1080,21,12,14,0,0,2,1,19,4,4,4,4,2,2,3,4,4,1,1,1,1,1,1,0,,1,1,4,0,0,25.018,0,3.713,37.479,40.5,12,book,tree,"paper ",gold,skin,king,child,market,river,hotel,2.447,2.447,3.141,1,3,2.866,6.659,7.438,3,1,0,5.552,26.616,27.27,7,0,1,0,0,1,6.176,20.97,22.106,13,4,6,6,6,3,5,6,6,6,5,5,7,2.056,5.583,6.303,4,5,5,5,2.29,21.794,25.16,8,book,paper,river,skin,tree,king,market,,,,1,0,0,0,0,0,0,0,0,0,0,0,0,3,1,1,1,1,3,4,3,0,0,0,0,1,0,5,5,5,5,5,5,5,5,5,5,5,5,5,5,5,5,5,5,5,5,4,4,5,5,5,5,5,5,5,5,5,5,1,
2021-11-17 15:29:17,2021-11-17 15:43:49,0,107.126.44.1,98,871,0,2021-11-17 19:43:54,R_1eXHLOLtGFGvTJm,,,,,,,anonymous,EN,6108d548994b33c417508604,4,Safari,15.0,Macintosh,1440x900,21,10,15,0,0,1,0,18,4,2,3,4,3,1,4,3,4,1,0,1,0,0,0,1,N/A,1,1,4,0,0,25.11,0,0,0,6.04,0,,,,,,,,,,,4.885,4.885,6.143,1,1,3.584,6.95,7.817,2,1,0,4.776,27.079,28.2,5,1,1,0,0,1,5.845,36.296,37.302,12,1,2,7,1,1,7,3,7,1,2,4,7,2.483,6.862,7.833,3,5,5,5,0,0,4.231,0,,,,,,,,,,,1,0,0,0,0,0,0,0,0,0,0,0,0,0,1,,,1,5,5,5,1,0,0,1,0,0,5,5,5,4,5,5,5,5,5,5,5,5,5,5,5,5,5,5,5,5,4,4,5,5,5,5,5,5,5,5,5,5,1,
2021-11-17 15:22:17,2021-11-17 15:44:59,0,66.27.200.253,98,1361,0,2021-11-17 19:45:04,R_10Z5p09MTJhH7Nr,,,,,,,anonymous,EN,6109c368656980a1609329ed,4,Chrome,96.0.4664.45,Windows NT 10.0,1366x768,23,10,16,0,0,4,0,19,4,1,4,2,4,2,4,4,3,1,0,1,0,1,1,1,,1,1,4,0,0,25.02,0,2.024,2.024,47.083,1,book,child,hotel,king,market,river,tree,,,,3.025,3.025,4.534,1,3,4.265,13.536,14.194,3,1,1,4.213,52.954,53.453,7,0,1,50,0,1,13.613,97.015,97.877,16,2,6,7,5,5,3,5,3,1,5,4,7,6.887,15.598,16.207,6,5,5,3,6.596,54.498,58.672,2,book,child,market,king,tree,river,,,,,1,0,0,0,0,0,0,0,0,0,0,0,0,3,1,1,1,0,4,3,4,1,1,1,1,1,1,5,5,5,4,5,5,5,5,5,5,5,5,4,5,4,4,5,5,5,5,4,4,5,5,5,5,5,5,4,4,5,4,1,
2021-11-17 15:45:33,2021-11-17 15:53:33,0,73.34.208.208,98,479,0,2021-11-17 19:53:34,R_ALgwqJz6B5yLt73,,,,,,,anonymous,EN,61329758a6a8f07ab3d640cf,4,Chrome,96.0.4664.45,Windows NT 10.0,1536x864,33,8,16,1,0,1,1,25,2,1,4,2,2,1,4,4,1,1,1,1,0,0,1,0,,1,1,4,0,0,25.112,0,9.851,28.031,32.989,8,hotel,king,market,paper,river,skin,tree,,,,3.996,3.996,4.803,1,3,2.901,8.068,8.867,2,0,0,2.293,14.347,15.3,7,1,1,0,0,1,6.977,14.729,15.592,12,4,4,3,5,7,4,2,3,3,5,7,4,2.578,4.977,5.799,3,5,5,5,7.57,8.156,17.476,2,paper,river,tree,skin,,,,,,,0,1,1,0,0,0,1,0,0,0,0,0,0,0,0,,,0,2,2,1,0,0,0,0,1,0,5,5,3,3,5,5,5,5,5,5,5,5,5,5,5,5,5,5,5,5,4,4,5,5,5,5,5,5,5,5,5,1,1,
2021-11-17 15:51:45,2021-11-17 15:54:42,0,107.77.203.228,18,177,0,2021-11-17 19:54:48,R_3dYbxDBeed6knHr,,,,,,,anonymous,EN,5e2b28a1c94da6180ea79d5d,4,Safari iPhone,14.1,iPhone,320x568,26,11,18,1,0,1,0,22,4,2,2,3,2,2,4,4,3,1,0,1,1,0,0,0,,1,1,4,20.604,20.604,25.017,1,,,,,,,,,,,,,,,,,,,,,,,,,,,,,,,,,,,,,,,,,,,,,,,,,,,,,,,,,,,,,,,,,,,,,,,,,,,,,,,,,,,,,,,,,,,,,,,,,,,,,,,,,,,,,,,,,,,,,,,,,,,,,,,,,,,,
2021-11-17 15:45:55,2021-11-17 16:01:06,0,75.165.22.204,98,911,0,2021-11-17 20:01:14,R_3oGhzuXrgZAgwNo,,,,,,,anonymous,EN,616cdff0a4ce08d22d044d77,4,Chrome,96.0.4664.45,Windows NT 10.0,1920x1080,19,14,12,1,0,1,0,17,4,1,3,2,2,0,4,1,2,1,1,1,0,0,1,1,,1,1,4,0,0,25.007,0,2.675,33.745,46.423,8,"River ",Skin,Tree,book,child,hotel,king,,,,3.994,3.994,7.853,1,3,11.157,17.219,18.037,2,1,0,7.7,40.536,41.484,5,1,0,30,0,1,12.114,81.27,82.385,16,1,6,6,1,2,5,5,6,4,2,2,7,5.915,18.995,21.117,3,5,5,4,8.844,30.015,39.313,6,River,Tree,Skin,King,child,book,,,,,1,0,0,0,0,0,0,0,0,0,0,0,0,0,0,,,0,4,5,4,1,1,0,1,1,0,5,5,1,4,5,5,5,5,5,5,5,5,5,5,5,5,5,5,5,5,4,4,5,5,5,5,5,5,5,4,5,5,1,
2021-11-17 15:46:02,2021-11-17 16:02:17,0,45.21.23.83,98,975,0,2021-11-17 20:02:20,R_1rABwDV3OkZbtV5,,,,,,,anonymous,EN,6018c91e4783631d2676717f,4,Edge,95.0.1020.53,Windows NT 10.0,1366x768,23,10,16,1,0,1,1,18,4,3,4,3,3,0,4,3,2,1,0,1,1,1,1,1,,1,1,4,0,0,25.018,0,2.003,2.578,37.602,2,book,child,gold,paper,skin,tree,hotel,river,,,1.855,1.855,3.43,1,3,7.514,11.999,13.417,3,0,0,3.668,41.347,44.002,8,1,1,40,0,1,6.781,50.301,50.944,13,1,6,5,2,2,6,5,6,2,2,6,6,6.112,21.351,22.766,12,4,4,4,1.787,1.787,28.861,1,book,child,gold,hotel,river,tree,paper,,,,1,0,0,0,0,0,0,0,0,0,0,0,0,3,1,1,1,1,3,4,4,0,1,1,1,1,1,5,5,5,5,5,5,5,5,5,5,5,5,5,5,5,5,5,5,5,5,4,4,5,5,5,5,5,5,5,5,5,5,1,
2021-11-17 15:26:58,2021-11-17 16:02:20,0,169.232.118.72,98,2121,0,2021-11-17 20:02:25,R_21c5zeqrqLY6lTr,,,,,,,anonymous,EN,5f6f738fef894f0dbf9839f8,4,Firefox,94.0,Windows NT 10.0,1536x864,31,10,18,1,0,1,1,31,4,2,4,4,4,2,4,4,3,1,1,1,1,1,1,1,,1,1,4,0,0,25.022,0,1.708,15.116,19.024,2,child,book,market,skin,tree,hotel,king,gold,river,,8.857,8.857,10.55,1,3,2.834,5.521,7.795,2,1,1,4.717,22.092,23.612,7,1,0,100,1,1,3.374,163.287,164.367,15,2,1,7,1,2,7,2,6,2,2,2,7,24.377,46.996,47.591,4,5,5,4,1.257,16.46,40.599,3,book,child,tree,river,king,gold,hotel,,,,1,0,0,0,0,0,0,0,0,0,0,0,0,3,1,1,1,1,4,4,4,1,0,0,1,0,1,5,5,5,5,5,5,5,5,5,5,5,5,5,5,5,5,5,5,5,5,4,4,5,5,5,5,5,5,4,4,5,5,1,
2021-11-17 15:47:05,2021-11-17 16:06:18,0,76.121.39.106,98,1152,0,2021-11-17 20:06:18,R_24MCt2f3NxreYQ1,,,,,,,anonymous,EN,575454cbae3fc40006e1d933,4,Chrome,95.0.4638.69,Windows NT 10.0,1536x864,30,16,16,1,0,1,0,50,4,3,4,4,4,1,4,4,4,1,0,1,0,0,1,1,none,1,1,4,0,0,25.118,0,1.926,21.99,22.986,12,Book,Hotel,Market,Skin,River,Tree,Child,Gold,,,2.069,2.069,3.008,1,3,2.646,4.712,5.888,3,1,0,7.337,22.032,23.056,8,1,1,2,0,1,2.842,18.866,19.723,15,6,7,2,5,6,2,7,6,4,7,6,2,76.682,81.238,82.15,5,5,5,5,1.715,17.095,18.061,8,Book,Gold,"Market ",Hotel,Child,Skin,,,,,1,0,0,0,0,0,0,0,0,0,0,0,0,1,0,,,1,3,4,2,0,0,0,1,0,0,5,5,4,3,5,5,4,5,5,5,5,5,5,5,5,5,5,5,5,5,3,3,5,5,5,5,5,5,4,3,5,4,1,
2021-11-17 15:46:48,2021-11-17 16:11:34,0,174.85.174.160,98,1485,0,2021-11-17 20:11:40,R_1o1g2iDRswjic3B,,,,,,,anonymous,EN,5da4d35c84ea7900178a366c,4,Opera,80.0.4170.63,Windows NT 6.3,1440x900,33,14,16,1,0,1,1,40,4,2,4,3,2,3,4,4,2,1,0,1,0,0,1,1,,1,1,4,0,0,25.008,0,3.099,10.731,25.169,3,goal,king,market,skin,egg,,,,,,2.403,2.403,3.314,1,3,5.14,11.615,12.788,2,1,0,13.777,63.222,66.35,7,1,0,30,1,1,230.807,281.619,282.303,16,1,2,6,2,2,7,5,7,2,1,3,7,5.504,29.154,30.019,3,5,5,5,2.091,2.091,22.203,1,goal,king,market,skin,egg,teeth,,,,,1,1,1,1,0,1,1,1,1,1,1,0,0,3,1,1,1,0,2,3,4,0,0,1,1,1,1,5,5,5,5,5,5,5,5,5,5,5,5,5,5,5,5,5,5,5,5,4,4,5,5,5,5,5,5,5,5,5,5,1,
2021-11-17 16:53:57,2021-11-17 17:04:19,0,97.115.140.50,98,621,0,2021-11-17 21:04:21,R_1HLAHDBppguB3ot,,,,,,,anonymous,EN,5d8a65b2aea1ac0019a5a588,4,Chrome,95.0.4638.69,Windows NT 10.0,2560x1440,24,8,18,1,0,3,0,24,2,1,2,4,4,0,2,2,4,1,1,1,0,0,0,0,,1,1,4,0,0,25.008,0,1.195,8.435,10.824,2,book,child,hope,river,skin,tree,hotel,,,,1.596,1.596,2.275,1,3,1.98,3.737,4.655,2,0,0,3.936,27.453,28.373,6,0,0,0,0,1,17.083,47.495,47.889,14,2,5,1,3,4,3,5,5,3,4,5,3,2.279,8.421,9.476,3,5,5,3,2.287,2.287,14.948,1,book,child,river,skin,hotel,,,,,,1,0,0,0,0,0,0,0,0,0,0,0,0,3,1,1,1,0,2,2,2,1,1,1,1,1,1,5,5,4,3,5,5,5,5,5,5,5,5,5,5,5,5,5,5,5,5,4,4,5,5,5,5,5,5,1,1,4,1,1,
2021-11-18 09:32:30,2021-11-18 09:33:45,0,50.89.242.152,100,74,1,2021-11-18 09:33:45,R_2tsZKmrCcCubPIR,,,,,28.5464019775390625,-81.2584991455078125,anonymous,EN,test,4,Safari,14.1.1,Macintosh,2560x1440,25,0,0,0,0,3,1,25,2,2,2,2,2,2,2,2,2,1,1,1,1,1,1,1,5555,1,0,,,,,,,,,,,,,,,,,,,,,,,,,,,,,,,,,,,,,,,,,,,,,,,,,,,,,,,,,,,,,,,,,,,,,,,,,,,,,,,,,,,,,,,,,,,,,,,,,,,,,,,,,,,,,,,,,,,,,,,,,,,,,,,,,,,,,,,,,
2021-11-18 09:17:22,2021-11-18 09:32:11,0,76.30.227.61,98,888,0,2021-11-18 11:41:44,R_3Du7iY6genGBdcb,,,,,,,anonymous,EN,60fd0a19a26d8e8c1d0be69d,4,Safari iPhone,15.1,iPhone,428x926,22,7,15,0,1,999,0,21,4,2,4,2,4,3,4,4,4,1,1,1,0,0,0,1,,1,1,4,1.868,1.868,25.116,1,3.173,45,48.041,12,"I did not hear anything ","There was silence ","Silence ","Silence ","Silence ","Silence ","Silence ","Silence ","Silence ","Silence ",4.39,4.39,5.327,1,3,6.89,12.114,15.476,4,0,1,6.269,42.157,42.953,10,1,1,15,0,0,6.738,69.858,70.793,20,3,5,5,3,3,6,5,5,2,3,3,5,2.93,6.851,7.643,5,5,5,5,9.889,148.427,150.278,60,"Nothing ","Nothing ","Nothing ","Nothing ","Nothing ","Nothing ","Nothing ","Nothing ","Nothing ","Nothing ",0,0,0,0,0,0,0,0,0,0,0,0,0,3,1,1,1,1,4,4,4,0,0,0,1,0,0,5,5,4,3,5,5,5,5,5,5,5,5,5,5,5,5,5,5,5,5,4,4,5,5,5,5,5,5,3,3,5,5,1,
2021-11-18 13:10:29,2021-11-18 13:17:47,0,216.189.219.82,100,437,1,2021-11-18 13:17:47,R_1mID4y9lvipD6Fz,,,,,28.5807037353515625,-81.189300537109375,anonymous,EN,trenton :),4,Chrome,94.0.4606.81,Macintosh,1440x900,60,18,16,1,0,3,0,18,4,3,4,4,4,1,4,4,4,1,1,1,1,0,1,1,,1,1,4,0,0,25.012,0,1.4,1.4,9.596,1,book,child,skin,river,tree,hotel,,,,,5.149,5.149,6.223,1,3,3.076,4.232,5.513,2,1,0,3.492,10.909,11.775,7,1,0,22,0,1,0.2,40.557,41.732,16,2,3,6,3,5,6,5,6,2,1,3,6,2.07,6.201,7.225,3,5,5,4,1.752,1.752,10.718,1,hotel,book,tree,river,skin,child,,,,,1,0,0,0,0,0,0,0,0,0,0,0,0,0,0,,,0,5,5,5,0,1,1,1,1,1,5,5,5,5,5,5,5,5,5,5,5,5,5,5,5,5,5,5,5,5,4,4,5,5,5,5,5,5,5,5,4,4,4,
2021-11-18 13:17:58,2021-11-18 13:19:36,0,216.189.219.82,18,98,0,2021-11-18 17:19:39,R_1FyMBpMihl6XNgV,,,,,,,anonymous,EN,Trent,4,Safari iPhone,14.1.2,iPhone,375x812,40,39,4,1,0,3,0,50,4,4,4,4,4,4,4,4,4,0,0,1,1,0,1,1,,1,1,4,0,0,25.042,0,,,,,,,,,,,,,,,,,,,,,,,,,,,,,,,,,,,,,,,,,,,,,,,,,,,,,,,,,,,,,,,,,,,,,,,,,,,,,,,,,,,,,,,,,,,,,,,,,,,,,,,,,,,,,,,,,,,,,,,,,,,,,,,,,,,,
2021-11-18 13:19:58,2021-11-18 13:21:12,0,216.189.219.82,18,74,0,2021-11-18 17:21:13,R_sAqXRo5O0hTInO9,,,,,,,anonymous,EN,tent,4,Safari,14.1.2,Macintosh,1440x900,70,34,13,1,0,1,0,7,4,4,4,4,4,4,4,4,2,1,1,1,1,1,0,0,,1,1,4,0,0,25.008,0,,,,,,,,,,,,,,,,,,,,,,,,,,,,,,,,,,,,,,,,,,,,,,,,,,,,,,,,,,,,,,,,,,,,,,,,,,,,,,,,,,,,,,,,,,,,,,,,,,,,,,,,,,,,,,,,,,,,,,,,,,,,,,,,,,,,
2021-11-18 13:21:20,2021-11-18 13:22:58,0,216.189.219.82,15,97,0,2021-11-18 17:23:00,R_2aOyyPb70Nmk4g6,,,,,,,anonymous,EN,Peepeepoopoo,4,Safari,14.1.2,Macintosh,820x1180,130,17,25,999,1,2,1,12,0,0,0,0,0,0,0,0,0,0,0,0,0,0,0,0,Flip phone,1,1,4,,,,,,,,,,,,,,,,,,,,,,,,,,,,,,,,,,,,,,,,,,,,,,,,,,,,,,,,,,,,,,,,,,,,,,,,,,,,,,,,,,,,,,,,,,,,,,,,,,,,,,,,,,,,,,,,,,,,,,,,,,,,,,,,,,,,,,,,
2021-11-18 17:05:19,2021-11-18 17:08:02,0,50.88.215.2,18,163,0,2021-11-18 21:08:07,R_3qWFuq8OTmfhFl4,,,,,,,anonymous,EN,11,4,Safari,14.1.2,Macintosh,1440x900,22,9,14,0,1,1,0,25,4,4,4,4,4,4,4,4,4,1,0,1,1,0,0,1,,1,1,4,16.888,23.397,25.009,4,,,,,,,,,,,,,,,,,,,,,,,,,,,,,,,,,,,,,,,,,,,,,,,,,,,,,,,,,,,,,,,,,,,,,,,,,,,,,,,,,,,,,,,,,,,,,,,,,,,,,,,,,,,,,,,,,,,,,,,,,,,,,,,,,,,,
2021-11-18 17:08:19,2021-11-18 17:10:12,0,50.88.215.2,18,113,0,2021-11-18 21:10:12,R_Zh5mvwZqgrnXC6J,,,,,,,anonymous,EN,1,4,Safari iPhone,15.0,iPhone,375x812,19,0,0,0,999,999,0,0,3,3,3,2,2,1,2,1,2,1,1,1,1,1,1,0,,1,1,4,0,0,25.011,0,,,,,,,,,,,,,,,,,,,,,,,,,,,,,,,,,,,,,,,,,,,,,,,,,,,,,,,,,,,,,,,,,,,,,,,,,,,,,,,,,,,,,,,,,,,,,,,,,,,,,,,,,,,,,,,,,,,,,,,,,,,,,,,,,,,,
2021-11-18 17:11:37,2021-11-18 17:12:51,0,50.88.215.2,18,74,0,2021-11-18 21:12:54,R_s5Q6VQrw3lIS3hn,,,,,,,anonymous,EN,0,4,Safari,14.1.2,Macintosh,768x1024,19,0,0,0,1,999,0,0,2,3,2,2,2,3,2,2,1,0,0,1,1,1,1,0,,1,1,4,21.8,23.08,25.027,2,,,,,,,,,,,,,,,,,,,,,,,,,,,,,,,,,,,,,,,,,,,,,,,,,,,,,,,,,,,,,,,,,,,,,,,,,,,,,,,,,,,,,,,,,,,,,,,,,,,,,,,,,,,,,,,,,,,,,,,,,,,,,,,,,,,,
